﻿<hibernate-mapping xmlns="urn:nhibernate-mapping-2.2" namespace="Reports.Core.Domain" assembly="Reports.Core">
  <class name="BackgroundCheck" dynamic-update="true" table="BackgroundCheck">
    
    <id name="Id">
      <generator class="native" />
    </id>
    <version name="Version" column= "Version"/>

    <property name="AverageSalary" precision="19" scale="2" not-null="false"/>
    <property name="Liabilities" length="250" not-null="false"/>
    <property name="PreviousDismissalReason" length="250" not-null="false"/>
    <property name="PreviousSuperior" length="250" not-null="false"/>
    <property name="PositionSought" length="50" not-null="false"/>
    <property name="MilitaryOperationsExperience" length="50" not-null="false"/>
    <property name="DriversLicenseNumber" length="12" not-null="false"/>
    <property name="DriversLicenseDateOfIssue" not-null="false"/>
    <property name="DriversLicenseCategories" not-null="false"/>
    <property name="DrivingExperience" not-null="false"/>
    <property name="AutomobileMake" length="50" not-null="false"/>
    <property name="AutomobileLicensePlateNumber" length="15" not-null="false"/>
    <property name="IsReadyForBusinessTrips" not-null="true"/>
    <property name="Sports" length="250" not-null="false"/>
    <property name="Hobbies" length="250" not-null="false"/>
    <property name="ImportantEvents" length="250" not-null="false"/>
    <bag name="References" lazy="true" cascade="all-delete-orphan">
      <key column="BackgroundCheckId" foreign-key="FK_Reference_BackgroundCheck"/>
      <one-to-many class="Reference"/>
    </bag>
    <property name="ChronicalDiseases" length="250" not-null="false"/>
    
  </class>
</hibernate-mapping>