﻿<hibernate-mapping xmlns="urn:nhibernate-mapping-2.2" namespace="Reports.Core.Domain" assembly="Reports.Core">
  <class name="Contacts" dynamic-update="true" table="Contacts">
    <id name="Id">
      <generator class="native" />
    </id>
    <version name="Version" column= "Version"/>

    <property name="ZipCode" length="6" not-null="false"/>
    <property name="Region" length="50" not-null="false"/>
    <property name="District" length="50" not-null="false"/>
    <property name="City" length="50" not-null="false"/>
    <property name="Street" length="50" not-null="false"/>
    <property name="StreetNumber" length="10" not-null="false"/>
    <property name="Building" length="10" not-null="false"/>
    <property name="Appartment" length="10" not-null="false"/>
    <property name="WorkPhone" length="10" not-null="false"/>
    <property name="HomePhone" length="10" not-null="false"/>
    <property name="Mobile" length="10" not-null="false"/>
    <property name="Email" length="50" not-null="false"/>
    
  </class>
</hibernate-mapping>