﻿<hibernate-mapping xmlns="urn:nhibernate-mapping-2.2" namespace="Reports.Core.Domain" assembly="Reports.Core">
  <class name="Education" dynamic-update="true" table="Education">
    <id name="Id">
      <generator class="native" />
    </id>
    <version name="Version" column= "Version"/>

    <bag name="HigherEducationDiplomas" lazy="true" cascade="all-delete-orphan">
      <key column="EducationId" foreign-key="FK_HigherEducationDiploma_Education"/>
      <one-to-many class="HigherEducationDiploma"/>
    </bag>
    <bag name="PostGraduateEducationDiplomas" lazy="true" cascade="all-delete-orphan">
      <key column="EducationId" foreign-key="FK_PostGraduateEducationDiploma_Education"/>
      <one-to-many class="PostGraduateEducationDiploma"/>
    </bag>
    <bag name="Certifications" lazy="true" cascade="all-delete-orphan">
      <key column="EducationId" foreign-key="FK_Certification_Education"/>
      <one-to-many class="Certification"/>
    </bag>
    <bag name="Training" lazy="true" cascade="all-delete-orphan">
      <key column="EducationId" foreign-key="FK_Training_Education"/>
      <one-to-many class="Training"/>
    </bag>
    
  </class>
</hibernate-mapping>