﻿<hibernate-mapping xmlns="urn:nhibernate-mapping-2.2" namespace="Reports.Core.Domain" assembly="Reports.Core">
  <class name="HigherEducationDiploma" dynamic-update="true" table="HigherEducationDiploma">
    
    <id name="Id">
      <generator class="native" />
    </id>
    <version name="Version" column= "Version"/>

    <property name="IssuedBy" length="150" not-null="false"/>
    <property name="Series" length="10" not-null="false"/>
    <property name="Number" length="10" not-null="false"/>
    <property name="AdmissionYear" length="4" not-null="false"/>
    <property name="GraduationYear" length="4" not-null="false"/>
    <property name="Qualification" length="50" not-null="false"/>
    <property name="Speciality" length="50" not-null="false"/>
    <property name="Profession" length="50" not-null="false"/>
    <property name="Department" length="50" not-null="false"/>

  </class>
</hibernate-mapping>