﻿<hibernate-mapping xmlns="urn:nhibernate-mapping-2.2" namespace="Reports.Core.Domain" assembly="Reports.Core">
  <class name="MilitaryServiceRegistrationExpiration" dynamic-update="true" table="MilitaryServiceRegistrationExpiration">
    
    <id name="Id">
      <generator class="native" />
    </id>
    <version name="Version" column= "Version"/>
    
    <property name="Code" length="10" not-null="false"/>
    <property name="Name" length="128" not-null="false"/>
    
  </class>
</hibernate-mapping>