﻿<hibernate-mapping xmlns="urn:nhibernate-mapping-2.2" namespace="Reports.Core.Domain" assembly="Reports.Core">
  <class name="OnsiteTraining" dynamic-update="true" table="OnsiteTraining">
    
    <id name="Id">
      <generator class="native" />
    </id>
    <version name="Version" column= "Version"/>

    <property name="Type" length="200" not-null="true"/>
    <property name="Description" length="200" not-null="true"/>
    <property name="BeginningDate" not-null="true"/>
    <property name="EndDate" not-null="true"/>
    <property name="IsComplete" not-null="true"/>
    <property name="ReasonsForIncompleteTraining" length="200" not-null="false"/>
    <property name="Results" length="200" not-null="false"/>
    <property name="IsConfirmed" not-null="true"/>
    <property name="Comments" length="200" not-null="false"/>
    
  </class>
</hibernate-mapping>