﻿<hibernate-mapping xmlns="urn:nhibernate-mapping-2.2" namespace="Reports.Core.Domain" assembly="Reports.Core">
  <class name="Absence">
    <id name="Id">
      <generator class="native" />
    </id>
    <!--<property name="Id_1C" length="50" not-null="true"/>-->
    <!--<property name="ReportType" not-null="true" />-->
    <!--<property name="BeginDate" not-null="true"/>
    <property name="EndDate" not-null="true"/>-->
    <version name="Version" column= "Version"/>
    <property name="CreateDate" not-null="true"/>
    <property name="BeginDate" not-null="true"/>
    <property name="EndDate" not-null="true"/>
    <property name="DaysCount"  not-null="true"/>
    
    <property name="Number"  not-null="true"/>
	
	<!--<property name="Comment" type="StringClob" not-null="false"/>-->  
    <!--<property name="Number" length="50" not-null="true"/>-->
	<many-to-one name="Type" class="AbsenceType" column="TypeId" foreign-key="FK_Absence_AbsenceType" index="Absence_AbsenceType"  not-null="true"/>
  <!--<many-to-one name="Status" class="RequestStatus" column="StatusId" foreign-key="FK_Absence_RequestStatus" index="Absence_RequestStatus"  not-null="true"/>-->
	<!--<many-to-one name="SubType" class="EmployeeDocumentSubType" column="SubTypeId" foreign-key="FK_Document_EmployeeDocumentSubType" index="IX_Document_EmployeeDocumentSubType_Id"  not-null="false"/>-->
	<many-to-one name="User" class="User" column="UserId" foreign-key="FK_Absence_User" index="IX_Absence_User_Id"  not-null="true"/>
  <many-to-one name="Creator" class="User" column="CreatorId" foreign-key="FK_Absence_CreatorUser" index="IX_Absence_CreatorUser_Id"  not-null="true"/>
  <property name="UserDateAccept" not-null="false"/>
	<property name="ManagerDateAccept" not-null="false"/>
	<property name="PersonnelManagerDateAccept" not-null="false"/>
  <property name="SendTo1C" not-null="false"/>
    <property name="DeleteDate" not-null="false"/>
    <property name="DeleteAfterSendTo1C" not-null="true"/>

  <many-to-one name="TimesheetStatus" class="TimesheetStatus" column="TimesheetStatusId" foreign-key="FK_Absence_TimesheetStatus" index="Absence_TimesheetStatus"  not-null="false"/>

  <bag name="Comments" lazy="true" inverse="true" cascade="all-delete-orphan">
    <key column="AbsenceId" foreign-key="FK_AbsenceComment_Absence"/>
    <one-to-many class="AbsenceComment"/>
  </bag>
	<!--<property name="BudgetManagerDateAccept" not-null="false"/>
	<property name="OutsourcingManagerDateAccept" not-null="false"/>
  <property name="SendEmailToBilling" not-null="true" />-->
	  
	
	<!--<bag name="Comments" lazy="true" inverse="true" cascade="all-delete-orphan">
		  <key column="DocumentId" foreign-key="FK_DocumentComment_Document"/>
		  <one-to-many class="DocumentComment"/>
	</bag>-->
	  <!--<property name="Html" length="1073741823" not-null="true"/>-->
    <!--<property name="Branch" column="[branch]" length="100" not-null="false"/>-->
  </class>
</hibernate-mapping>
