﻿<hibernate-mapping xmlns="urn:nhibernate-mapping-2.2" namespace="Reports.Core.Domain" assembly="Reports.Core">
  <class name="AcceptRequestDate">
    <id name="Id">
      <generator class="native" />
    </id>
    <!--<version name="Version" column= "Version"/>-->
		<property name="DateAccept" not-null="false" />
		<property name="DateCreate" not-null="false" />
		<many-to-one name="User" class="User" column="UserId" foreign-key="FK_AcceptRequestDate_User" index="IX_AcceptRequestDate_User_Id"  not-null="true"/>  
   </class>
</hibernate-mapping>