﻿<hibernate-mapping xmlns="urn:nhibernate-mapping-2.2" namespace="Reports.Core.Domain" assembly="Reports.Core">
  <class name="AccountingTransaction">
    <id name="Id">
      <generator class="native" />
    </id>
    <version name="Version" column= "Version"/> 
	<many-to-one name="Cost" class="MissionReportCost" column="CostId" foreign-key="FK_AccountingTransaction_MissionReportCost" index="AccountingTransaction_MissionReportCost"  not-null="true"/>
	<many-to-one name="DebitAccount" class="Account" column="DebitAccountId" foreign-key="FK_AccountingTransaction_DebitAccount" index="AccountingTransaction_DebitAccount"  not-null="true"/>
	<many-to-one name="CreditAccount" class="Account" column="CreditAccountId" foreign-key="FK_AccountingTransaction_CreditAccount" index="AccountingTransaction_CreditAccount"  not-null="true"/>
	<property name="Sum"  not-null="true"/>
	</class>
</hibernate-mapping>
