﻿<hibernate-mapping xmlns="urn:nhibernate-mapping-2.2" namespace="Reports.Core.Domain" assembly="Reports.Core">
  <class name="AppointmentManager2ToManager3">
    <id name="Id">
      <generator class="native" />
    </id>
    <!--<version name="Version" column= "Version"/>-->
	<many-to-one name="Manager2" class="User" column="Manager2Id" foreign-key="FK_AppointmentManager2ToManager3_Manager2" index="IX_AppointmentManager2ToManager3_Manager2"  not-null="true"/>
    <many-to-one name="Manager3" class="User" column="Manager3Id" foreign-key="FK_AppointmentManager2ToManager3_Manager3" index="IX_AppointmentManager2ToManager3_Manager3"  not-null="true"/>  
   </class>
</hibernate-mapping>