﻿<hibernate-mapping xmlns="urn:nhibernate-mapping-2.2" namespace="Reports.Core.Domain" assembly="Reports.Core">
	<class name="AppointmentComment">
		<id name="Id">
			<generator class="native" />
		</id>
		<version name="Version" column= "Version"/>
		<many-to-one name="User" class="User" column="UserId" foreign-key="FK_AppointmentComment_User" index="IX_AppointmentComment_User"  not-null="true"/>
		<many-to-one name="Appointment" class="Appointment" column="AppointmentId" foreign-key="FK_AppointmentComment_Appointment" index="IX_AppointmentComment_Appointment"  not-null="true"/>
		<property name="DateCreated" not-null="true"/>
		<property name="Comment" length="256" not-null="true"/>
	</class>
</hibernate-mapping>
