﻿<hibernate-mapping xmlns="urn:nhibernate-mapping-2.2" namespace="Reports.Core.Domain" assembly="Reports.Core">
  <class name="AppointmentCreateManager2ToDepartment2">
    <id name="Id">
      <generator class="native" />
    </id>
    <!--<version name="Version" column= "Version"/>-->
	<many-to-one name="Manager" class="User" column="ManagerId" foreign-key="FK_AppointmentCreateManager2ToDepartment2_User" index="IX_AppointmentCreateManager2ToDepartment2_User"  not-null="true"/>
    <many-to-one name="Department" class="Department" column="DepartmentId" foreign-key="FK_AppointmentCreateManager2ToDepartment2_Department" index="IX_AppointmentCreateManager2ToDepartment2_Department"  not-null="true"/>  
   </class>
</hibernate-mapping>