﻿<hibernate-mapping xmlns="urn:nhibernate-mapping-2.2" namespace="Reports.Core.Domain" assembly="Reports.Core">
  <class name="AppointmentManager23ToDepartment3">
    <id name="Id">
      <generator class="native" />
    </id>
    <!--<version name="Version" column= "Version"/>-->
	<many-to-one name="Manager" class="User" column="ManagerId" foreign-key="FK_AppointmentManager23ToDepartment3_User" index="IX_AppointmentManager23ToDepartment3_User"  not-null="true"/>
    <many-to-one name="Department" class="Department" column="DepartmentId" foreign-key="FK_AppointmentManager23ToDepartment3_Department" index="IX_AppointmentManager23ToDepartment3_Department"  not-null="true"/>  
   </class>
</hibernate-mapping>