﻿<hibernate-mapping xmlns="urn:nhibernate-mapping-2.2" namespace="Reports.Core.Domain" assembly="Reports.Core">
  <class name="ChiefToUser">
    <id name="Id">
      <generator class="native" />
    </id>
    <!--<version name="Version" column= "Version"/>-->
	<many-to-one name="Chief" class="User" column="ChiefId" foreign-key="FK_ChiefToUser_Chief" index="IX_ChiefToUser_Chief_Id"  not-null="true"/>
    <many-to-one name="User" class="User" column="UserId" foreign-key="FK_ChiefToUser_User" index="IX_ChiefToUser_User_Id"  not-null="true"/>  
   </class>
</hibernate-mapping>