﻿<hibernate-mapping xmlns="urn:nhibernate-mapping-2.2" namespace="Reports.Core.Domain" assembly="Reports.Core">
	<class name="ChildVacationComment">
		<id name="Id">
			<generator class="native" />
		</id>
		<version name="Version" column= "Version"/>
		<many-to-one name="User" class="User" column="UserId" foreign-key="FK_ChildVacationComment_User" index="IX_ChildVacationComment_User_Id"  not-null="true"/>
		<many-to-one name="ChildVacation" class="ChildVacation" column="ChildVacationId" foreign-key="FK_ChildVacationComment_ChildVacation" index="IX_ChildVacationComment_ChildVacation_Id"  not-null="true"/>
		<property name="DateCreated" not-null="true"/>
		<property name="Comment" length="256" not-null="true"/>
	</class>
</hibernate-mapping>
