﻿<hibernate-mapping xmlns="urn:nhibernate-mapping-2.2" namespace="Reports.Core.Domain" assembly="Reports.Core">
	<class name="DismissalComment">
		<id name="Id">
			<generator class="native" />
		</id>
		<version name="Version" column= "Version"/>
		<many-to-one name="User" class="User" column="UserId" foreign-key="FK_DismissalComment_User" index="IX_DismissalComment_User_Id"  not-null="true"/>
		<many-to-one name="Dismissal" class="Dismissal" column="DismissalId" foreign-key="FK_DismissalComment_Dismissal" index="IX_DismissalComment_Dismissal_Id"  not-null="true"/>
		<property name="DateCreated" not-null="true"/>
		<property name="Comment" length="256" not-null="true"/>
	</class>
</hibernate-mapping>
