﻿<hibernate-mapping xmlns="urn:nhibernate-mapping-2.2" namespace="Reports.Core.Domain" assembly="Reports.Core">
	<class name="DocumentComment">
		<id name="Id">
			<generator class="native" />
		</id>
		<version name="Version" column= "Version"/>
		<many-to-one name="User" class="User" column="UserId" foreign-key="FK_DocumentComment_User" index="IX_DocumentComment_User_Id"  not-null="true"/>
		<many-to-one name="Document" class="Document" column="DocumentId" foreign-key="FK_DocumentComment_Document" index="IX_DocumentComment_Document_Id"  not-null="true"/>
		<property name="DateCreated" not-null="true"/>
		<property name="Comment" length="256" not-null="true"/>
	</class>
</hibernate-mapping>
