﻿<hibernate-mapping xmlns="urn:nhibernate-mapping-2.2" namespace="Reports.Core.Domain" assembly="Reports.Core">
  <class name="Document">
    <id name="Id">
      <generator class="native" />
    </id>
    <!--<property name="Id_1C" length="50" not-null="true"/>-->
    <!--<property name="ReportType" not-null="true" />-->
    <!--<property name="BeginDate" not-null="true"/>
    <property name="EndDate" not-null="true"/>-->
    <version name="Version" column= "Version"/>
    <property name="LastModifiedDate" not-null="true"/>
	
	<property name="Comment" type="StringClob" not-null="false"/>  
    <!--<property name="Number" length="50" not-null="true"/>-->
	<many-to-one name="Type" class="EmployeeDocumentType" column="TypeId" foreign-key="FK_Document_EmployeeDocumentType" index="IX_Document_EmployeeDocumentType_Id"  not-null="true"/>
	<many-to-one name="SubType" class="EmployeeDocumentSubType" column="SubTypeId" foreign-key="FK_Document_EmployeeDocumentSubType" index="IX_Document_EmployeeDocumentSubType_Id"  not-null="false"/>
	<many-to-one name="User" class="User" column="UserId" foreign-key="FK_Document_User" index="IX_Document_User_Id"  not-null="true"/>
	<property name="ManagerDateAccept" not-null="false"/>
	
	<property name="PersonnelManagerDateAccept" not-null="false"/>
	
	<property name="BudgetManagerDateAccept" not-null="false"/>
	
	<property name="OutsourcingManagerDateAccept" not-null="false"/>

    <property name="SendEmailToBilling" not-null="true" />
	  
	
	<bag name="Comments" lazy="true" inverse="true" cascade="all-delete-orphan">
		  <key column="DocumentId" foreign-key="FK_DocumentComment_Document"/>
		  <one-to-many class="DocumentComment"/>
	</bag>
	  <!--<property name="Html" length="1073741823" not-null="true"/>-->
    <!--<property name="Branch" column="[branch]" length="100" not-null="false"/>-->
  </class>
</hibernate-mapping>
