﻿<hibernate-mapping xmlns="urn:nhibernate-mapping-2.2" namespace="Reports.Core.Domain" assembly="Reports.Core">
	<class name="EmploymentComment">
		<id name="Id">
			<generator class="native" />
		</id>
		<version name="Version" column= "Version"/>
		<many-to-one name="User" class="User" column="UserId" foreign-key="FK_EmploymentComment_User" index="IX_EmploymentComment_User_Id"  not-null="true"/>
		<many-to-one name="Employment" class="Employment" column="EmploymentId" foreign-key="FK_EmploymentComment_Employment" index="IX_EmploymentComment_Employment_Id"  not-null="true"/>
		<property name="DateCreated" not-null="true"/>
		<property name="Comment" length="256" not-null="true"/>
	</class>
</hibernate-mapping>
