﻿<hibernate-mapping xmlns="urn:nhibernate-mapping-2.2" namespace="Reports.Core.Domain" assembly="Reports.Core">
  <class name="EmployeeDocumentType" dynamic-update="true" table="EmployeeDocumentType">
    <id name="Id">
      <generator class="native" />
    </id>
    <version name="Version" column= "Version"/>
    <property name="Name" length="100" not-null="true" />
	<bag name="SubTypes" lazy="true" inverse="true" cascade="all-delete-orphan">
		  <key column="TypeId" foreign-key="FK_DocumentSubType_EmployeeDocumentType"/>
		  <one-to-many class="EmployeeDocumentSubType"/>
	</bag>
  </class>
</hibernate-mapping>