﻿<hibernate-mapping xmlns="urn:nhibernate-mapping-2.2" namespace="Reports.Core.Domain" assembly="Reports.Core">
	<class name="HolidayWorkComment">
		<id name="Id">
			<generator class="native" />
		</id>
		<version name="Version" column= "Version"/>
		<many-to-one name="User" class="User" column="UserId" foreign-key="FK_HolidayWorkComment_User" index="IX_HolidayWorkComment_User_Id"  not-null="true"/>
		<many-to-one name="HolidayWork" class="HolidayWork" column="HolidayWorkId" foreign-key="FK_HolidayWorkComment_HolidayWork" index="IX_HolidayWorkComment_HolidayWork_Id"  not-null="true"/>
		<property name="DateCreated" not-null="true"/>
		<property name="Comment" length="256" not-null="true"/>
	</class>
</hibernate-mapping>
