﻿<hibernate-mapping xmlns="urn:nhibernate-mapping-2.2" namespace="Reports.Core.Domain" assembly="Reports.Core">
  <class name="MissionDailyAllowanceGradeValue">
    <id name="Id">
      <generator class="native" />
    </id>
    <many-to-one name="DailyAllowance" class="MissionDailyAllowance" column="DailyAllowanceId" foreign-key="FK_MissionDailyAllowanceGradeValue_DailyAllowance" index="IX_MissionDailyAllowanceGradeValue_DailyAllowance_Id"  not-null="true"/>
    <many-to-one name="Grade" class="MissionGraid" column="GradeId" foreign-key="FK_MissionDailyAllowanceGradeValue_Grade" index="IX_MissionDailyAllowanceGradeValue_Grade_Id"  not-null="true"/>
    <property name="GradeDate"  not-null="true"/>
    <property name="Amount"  not-null="true"/>
  </class>
</hibernate-mapping>