﻿<hibernate-mapping xmlns="urn:nhibernate-mapping-2.2" namespace="Reports.Core.Domain" assembly="Reports.Core">
  <class name="Mission">
    <id name="Id">
      <generator class="native" />
    </id>
    <version name="Version" column= "Version"/>
    <property name="CreateDate" not-null="true"/>
    <property name="BeginDate" not-null="true"/>
    <property name="EndDate" not-null="true"/>
    <property name="DaysCount"  not-null="true"/>
    
    <property name="Number"  not-null="true"/>
	
	<many-to-one name="Type" class="MissionType" column="TypeId" foreign-key="FK_Mission_MissionType" index="Mission_MissionType"  not-null="true"/>
  <!--<many-to-one name="PaymentPercent" class="MissionPaymentPercent" column="PaymentPercentId" foreign-key="FK_Mission_MissionPaymentPercent" index="Mission_MissionPaymentPercent"  not-null="false"/>-->
  <!--<many-to-one name="PaymentType" class="MissionPaymentType" column="PaymentTypeId" foreign-key="FK_Mission_MissionPaymentType" index="Mission_MissionPaymentType"  not-null="true"/>-->
  <!--<many-to-one name="RestrictType" class="MissionPaymentRestrictType" column="PaymentRestrictTypeId" foreign-key="FK_Mission_MissionPaymentRestrictType" index="Mission_MissionPaymentRestrictType"  not-null="false"/>-->
  <property name="Country" not-null="true"/>
  <property name="Organization" not-null="true"/>
  <property name="Goal" not-null="true"/>
  <property name="FinancesSource" not-null="true"/>
  <property name="Reason" not-null="false"/>
  <many-to-one name="User" class="User" column="UserId" foreign-key="FK_Mission_User" index="IX_Mission_User_Id"  not-null="true"/>
  <many-to-one name="Creator" class="User" column="CreatorId" foreign-key="FK_Mission_CreatorUser" index="IX_Mission_CreatorUser_Id"  not-null="true"/>
  <property name="UserDateAccept" not-null="false"/>
	<property name="ManagerDateAccept" not-null="false"/>
	<property name="PersonnelManagerDateAccept" not-null="false"/>
  <property name="SendTo1C" not-null="false"/>
  <property name="DeleteDate" not-null="false"/>
  <property name="DeleteAfterSendTo1C" not-null="true"/>



  <many-to-one name="TimesheetStatus" class="TimesheetStatus" column="TimesheetStatusId" foreign-key="FK_Mission_TimesheetStatus" index="Mission_TimesheetStatus"  not-null="false"/>

  <bag name="Comments" lazy="true" inverse="true" cascade="all-delete-orphan">
    <key column="MissionId" foreign-key="FK_MissionComment_Mission"/>
    <one-to-many class="MissionComment"/>
  </bag>
	</class>
</hibernate-mapping>
