﻿<hibernate-mapping xmlns="urn:nhibernate-mapping-2.2" namespace="Reports.Core.Domain" assembly="Reports.Core">
  <class name="MissionTrainTicketTypeGradeValue">
    <id name="Id">
      <generator class="native" />
    </id>
    <many-to-one name="TrainTicketType" class="MissionTrainTicketType" column="TrainTicketTypeId" foreign-key="FK_MissionTrainTicketTypeGradeValue_TrainTicketType" index="IX_MissionTrainTicketTypeGradeValue_TrainTicketType_Id"  not-null="true"/>
    <many-to-one name="Grade" class="MissionGraid" column="GradeId" foreign-key="FK_MissionTrainTicketTypeGradeValue_Grade" index="IX_MissionTrainTicketTypeGradeValue_Grade_Id"  not-null="true"/>
    <property name="GradeDate"  not-null="true"/>
    <property name="Amount"  not-null="true"/>
  </class>
</hibernate-mapping>