﻿<hibernate-mapping xmlns="urn:nhibernate-mapping-2.2" namespace="Reports.Core.Domain" assembly="Reports.Core">
	<class name="MissionReportComment">
		<id name="Id">
			<generator class="native" />
		</id>
		<version name="Version" column= "Version"/>
		<many-to-one name="User" class="User" column="UserId" foreign-key="FK_MissionReportComment_User" index="IX_MissionReportComment_User"  not-null="true"/>
		<many-to-one name="MissionReport" class="MissionReport" column="MissionReportId" foreign-key="FK_MissionReportComment_MissionReport" index="IX_MissionReportComment_MissionReport"  not-null="true"/>
		<property name="DateCreated" not-null="true"/>
		<property name="Comment" length="256" not-null="true"/>
	</class>
</hibernate-mapping>
