﻿<hibernate-mapping xmlns="urn:nhibernate-mapping-2.2" namespace="Reports.Core.Domain" assembly="Reports.Core">
  <class name="MissionAirTicketTypeGradeValue">
    <id name="Id">
      <generator class="native" />
    </id>
    <many-to-one name="AirTicketType" class="MissionAirTicketType" column="AirTicketTypeId" foreign-key="FK_MissionAirTicketTypeGradeValue_AirTicketType" index="IX_MissionAirTicketTypeGradeValue_AirTicketType_Id"  not-null="true"/>
    <many-to-one name="Grade" class="MissionGraid" column="GradeId" foreign-key="FK_MissionAirTicketTypeGradeValue_Grade" index="IX_MissionAirTicketTypeGradeValue_Grade_Id"  not-null="true"/>
    <property name="GradeDate"  not-null="true"/>
    <property name="Amount"  not-null="true"/>
  </class>
</hibernate-mapping>