﻿<hibernate-mapping xmlns="urn:nhibernate-mapping-2.2" namespace="Reports.Core.Domain" assembly="Reports.Core">
	<class name="MissionOrderComment">
		<id name="Id">
			<generator class="native" />
		</id>
		<version name="Version" column= "Version"/>
		<many-to-one name="User" class="User" column="UserId" foreign-key="FK_MissionOrderComment_User" index="IX_MissionOrderComment_User"  not-null="true"/>
		<many-to-one name="MissionOrder" class="MissionOrder" column="MissionOrderId" foreign-key="FK_MissionOrderComment_MissionOrder" index="IX_MissionOrderComment_MissionOrder"  not-null="true"/>
		<property name="DateCreated" not-null="true"/>
		<property name="Comment" length="256" not-null="true"/>
	</class>
</hibernate-mapping>
