﻿<hibernate-mapping xmlns="urn:nhibernate-mapping-2.2" namespace="Reports.Core.Domain" assembly="Reports.Core">
	<class name="MissionComment">
		<id name="Id">
			<generator class="native" />
		</id>
		<version name="Version" column= "Version"/>
		<many-to-one name="User" class="User" column="UserId" foreign-key="FK_MissionComment_User" index="IX_MissionComment_User_Id"  not-null="true"/>
		<many-to-one name="Mission" class="Mission" column="MissionId" foreign-key="FK_MissionComment_Mission" index="IX_MissionComment_Mission_Id"  not-null="true"/>
		<property name="DateCreated" not-null="true"/>
		<property name="Comment" length="256" not-null="true"/>
	</class>
</hibernate-mapping>
