﻿<hibernate-mapping xmlns="urn:nhibernate-mapping-2.2" namespace="Reports.Core.Domain" assembly="Reports.Core">
  <class name="Question" table="Question">
    <id name="Id">
      <generator class="native" />
    </id>
    <version name="Version" column= "Version"/>
    <many-to-one name="User" column="UserId" foreign-key="FK_QuestionUser_User" ></many-to-one>  
    <property name="Date" not-null="true"/>
	<property name="Text" length="512" not-null="true" />
	<many-to-one name="AnswerUser" column="AnswerUserId" foreign-key="FK_QuestionUserAnswer_User" not-null="false"></many-to-one>
	<property name="AnswerDate" not-null="false"/>
	<property name="AnswerText" length="512" not-null="false" />
  </class>
</hibernate-mapping>