﻿<hibernate-mapping xmlns="urn:nhibernate-mapping-2.2" namespace="Reports.Core.Domain" assembly="Reports.Core">
  <class name="RequestPrintForm">
    <id name="Id">
      <generator class="native" />
    </id>
    <!--<version name="Version" column= "Version"/>-->
    <!--<property name="FileName" length="64" not-null="true"/>-->
    <!--<property name="ContextType" length="64" not-null="true"/>-->
    <property name="Context" type="BinaryBlob" length="2147483647" not-null="true"/>
	  <!--<property name="Context" type="Serializable" length="2147483647" not-null="true"/>-->
    <property name="RequestId" not-null="true"/>
    <property name="RequestTypeId" not-null="true"/>
    <!--<property name="DateCreated" not-null="true"/>
    <property name="Description" length="256" not-null="false"/>
	<many-to-one name="CreatorRole" class="Role" column="CreatorRoleId" foreign-key="FK_ATTACHMENT_USER_ROLE" index="IX_ATTACHMENT_USER_ROLE_ID"  not-null="true"/>-->
    
    <!--<property name="Number" length="50" not-null="true"/>-->
	<!--<many-to-one name="Document" class="Document" column="DocumentId" foreign-key="FK_Attachment_Document" index="IX_Attachment_Document_Id"  not-null="true"/>-->
  </class>
</hibernate-mapping>
