﻿<hibernate-mapping xmlns="urn:nhibernate-mapping-2.2" namespace="Reports.Core.Domain" assembly="Reports.Core">
  <class name="SicklistPaymentType" dynamic-update="true" table="SicklistPaymentType">
    <id name="Id">
      <generator class="native" />
    </id>
    <version name="Version" column= "Version"/>
    <property name="Code" not-null="false"/>
    <property name="Name" length="128" not-null="false"/>
    <property name="PaymentMethod" length="128" not-null="false"/>
  </class>
</hibernate-mapping>