﻿<hibernate-mapping xmlns="urn:nhibernate-mapping-2.2" namespace="Reports.Core.Domain" assembly="Reports.Core">
	<class name="SicklistComment">
		<id name="Id">
			<generator class="native" />
		</id>
		<version name="Version" column= "Version"/>
		<many-to-one name="User" class="User" column="UserId" foreign-key="FK_SicklistComment_User" index="IX_SicklistComment_User_Id"  not-null="true"/>
		<many-to-one name="Sicklist" class="Sicklist" column="SicklistId" foreign-key="FK_SicklistComment_Sicklist" index="IX_SicklistComment_Sicklist_Id"  not-null="true"/>
		<property name="DateCreated" not-null="true"/>
		<property name="Comment" length="256" not-null="true"/>
	</class>
</hibernate-mapping>
