﻿<hibernate-mapping xmlns="urn:nhibernate-mapping-2.2" namespace="Reports.Core.Domain" assembly="Reports.Core">
  <class name="SicklistType" dynamic-update="true" table="SicklistType">
    <id name="Id">
      <generator class="native" />
    </id>
    <version name="Version" column= "Version"/>
    <!--<property name="Code" not-null="false"/>-->
	<property name="Code" length="16"  not-null="true"/>
    <property name="Name" length="128" not-null="false"/>
  </class>
</hibernate-mapping>