﻿<hibernate-mapping xmlns="urn:nhibernate-mapping-2.2" namespace="Reports.Core.Domain" assembly="Reports.Core">
  <class name="SicklistPaymentPercent" dynamic-update="true" table="SicklistPaymentPercent">
    <id name="Id">
      <generator class="native" />
    </id>
    <version name="Version" column= "Version"/>
	<!--<property name="Code" length="16"  not-null="true"/>-->
    <property name="SicklistPercent" not-null="false"/>
    <property name="SortOrder" not-null="false"/>
  </class>
</hibernate-mapping>