begin tran
set identity_insert [dbo].[HelpServiceProductionTime]  ON
insert into [dbo].[HelpServiceProductionTime] (Id,Name, SortOrder) values (1,N'24 часа',1)
insert into [dbo].[HelpServiceProductionTime] (Id,Name, SortOrder) values (2,N'5 раб. дней',2)
set identity_insert [dbo].[HelpServiceProductionTime]  OFF

set identity_insert [dbo].[HelpServiceTransferMethod]  ON	
insert into [dbo].[HelpServiceTransferMethod] (Id,Name, SortOrder) values (1,N'Электронный адрес',1)
insert into [dbo].[HelpServiceTransferMethod] (Id,Name, SortOrder) values (2,N'Курьер - сервис',2)
insert into [dbo].[HelpServiceTransferMethod] (Id,Name, SortOrder) values (3,N'Почта России',3)
set identity_insert [dbo].[HelpServiceTransferMethod]  OFF	


set identity_insert [dbo].[HelpServiceType]  ON	
insert into [dbo].[HelpServiceType]  (Id, Name, SortOrder, IsPeriodAvailable, IsRequirementsAvailable, IsAttachmentAvailable) 
							   values (1,N'Копия ТК',1,0,0,0)
insert into [dbo].[HelpServiceType]  (Id, Name, SortOrder, IsPeriodAvailable, IsRequirementsAvailable, IsAttachmentAvailable) 
							   values (2,N'Справка 2НДФЛ',2,1,0,0)
insert into [dbo].[HelpServiceType]  (Id, Name, SortOrder, IsPeriodAvailable, IsRequirementsAvailable, IsAttachmentAvailable) 
							   values (3,N'Cправка с места работы',3,0,1,1)
insert into [dbo].[HelpServiceType]  (Id, Name, SortOrder, IsPeriodAvailable, IsRequirementsAvailable, IsAttachmentAvailable) 
							   values (4,N'Расчетный лист',4,1,0,0)
insert into [dbo].[HelpServiceType]  (Id, Name, SortOrder, IsPeriodAvailable, IsRequirementsAvailable, IsAttachmentAvailable) 
							   values (5,N'Cправка о заработке для расчета пособия (182Н)',5,1,0,0)
insert into [dbo].[HelpServiceType]  (Id, Name, SortOrder, IsPeriodAvailable, IsRequirementsAvailable, IsAttachmentAvailable) 
							   values (6,N'Анкета для загранпаспорта',6,0,0,1)
set identity_insert [dbo].[HelpServiceType]  OFF	

-- set identity_insert [dbo].[HelpServicePeriod]  ON	
-- Справка 2НДФЛ
insert into [dbo].[HelpServicePeriod] (Name, TypeId, SortOrder, PeriodMonth) values (N'2008 год',2,1,200801)
insert into [dbo].[HelpServicePeriod] (Name, TypeId, SortOrder, PeriodMonth) values (N'2009 год',2,2,200901)
insert into [dbo].[HelpServicePeriod] (Name, TypeId, SortOrder, PeriodMonth) values (N'2010 год',2,3,201001)
insert into [dbo].[HelpServicePeriod] (Name, TypeId, SortOrder, PeriodMonth) values (N'2011 год',2,4,201101)
insert into [dbo].[HelpServicePeriod] (Name, TypeId, SortOrder, PeriodMonth) values (N'2012 год',2,5,201201)
insert into [dbo].[HelpServicePeriod] (Name, TypeId, SortOrder, PeriodMonth) values (N'2013 год',2,6,201301)
insert into [dbo].[HelpServicePeriod] (Name, TypeId, SortOrder, PeriodMonth) values (N'2014 год',2,7,201401)
insert into [dbo].[HelpServicePeriod] (Name, TypeId, SortOrder, PeriodMonth) values (N'2015 год',2,8,201501)
insert into [dbo].[HelpServicePeriod] (Name, TypeId, SortOrder, PeriodMonth) values (N'2016 год',2,9,201601)
insert into [dbo].[HelpServicePeriod] (Name, TypeId, SortOrder, PeriodMonth) values (N'2017 год',2,10,201701)
insert into [dbo].[HelpServicePeriod] (Name, TypeId, SortOrder, PeriodMonth) values (N'2018 год',2,11,201801)

-- Расчетный лист
insert into [dbo].[HelpServicePeriod] (Name, TypeId, SortOrder, PeriodMonth) values (N'январь 2008',4,1,200801)
insert into [dbo].[HelpServicePeriod] (Name, TypeId, SortOrder, PeriodMonth) values (N'февраль 2008',4,2,200802)
insert into [dbo].[HelpServicePeriod] (Name, TypeId, SortOrder, PeriodMonth) values (N'март 2008',4,3,200803)
insert into [dbo].[HelpServicePeriod] (Name, TypeId, SortOrder, PeriodMonth) values (N'апрель 2008',4,4,200804)
insert into [dbo].[HelpServicePeriod] (Name, TypeId, SortOrder, PeriodMonth) values (N'май 2008',4,5,200805)
insert into [dbo].[HelpServicePeriod] (Name, TypeId, SortOrder, PeriodMonth) values (N'июнь 2008',4,6,200806)
insert into [dbo].[HelpServicePeriod] (Name, TypeId, SortOrder, PeriodMonth) values (N'июль 2008',4,7,200807)
insert into [dbo].[HelpServicePeriod] (Name, TypeId, SortOrder, PeriodMonth) values (N'август 2008',4,8,200808)
insert into [dbo].[HelpServicePeriod] (Name, TypeId, SortOrder, PeriodMonth) values (N'сентябрь 2008',4,9,200809)
insert into [dbo].[HelpServicePeriod] (Name, TypeId, SortOrder, PeriodMonth) values (N'октябрь 2008',4,10,200810)
insert into [dbo].[HelpServicePeriod] (Name, TypeId, SortOrder, PeriodMonth) values (N'ноябрь 2008',4,11,200811)
insert into [dbo].[HelpServicePeriod] (Name, TypeId, SortOrder, PeriodMonth) values (N'декабрь 2008',4,12,200812)


insert into [dbo].[HelpServicePeriod] (Name, TypeId, SortOrder, PeriodMonth) values (N'январь 2009',4,21,200901)
insert into [dbo].[HelpServicePeriod] (Name, TypeId, SortOrder, PeriodMonth) values (N'февраль 2009',4,22,200902)
insert into [dbo].[HelpServicePeriod] (Name, TypeId, SortOrder, PeriodMonth) values (N'март 2009',4,23,200903)
insert into [dbo].[HelpServicePeriod] (Name, TypeId, SortOrder, PeriodMonth) values (N'апрель 2009',4,24,200904)
insert into [dbo].[HelpServicePeriod] (Name, TypeId, SortOrder, PeriodMonth) values (N'май 2009',4,25,200905)
insert into [dbo].[HelpServicePeriod] (Name, TypeId, SortOrder, PeriodMonth) values (N'июнь 2009',4,26,200906)
insert into [dbo].[HelpServicePeriod] (Name, TypeId, SortOrder, PeriodMonth) values (N'июль 2009',4,27,200907)
insert into [dbo].[HelpServicePeriod] (Name, TypeId, SortOrder, PeriodMonth) values (N'август 2009',4,28,200908)
insert into [dbo].[HelpServicePeriod] (Name, TypeId, SortOrder, PeriodMonth) values (N'сентябрь 2009',4,29,200909)
insert into [dbo].[HelpServicePeriod] (Name, TypeId, SortOrder, PeriodMonth) values (N'октябрь 2009',4,30,200910)
insert into [dbo].[HelpServicePeriod] (Name, TypeId, SortOrder, PeriodMonth) values (N'ноябрь 2009',4,31,200911)
insert into [dbo].[HelpServicePeriod] (Name, TypeId, SortOrder, PeriodMonth) values (N'декабрь 2009',4,32,200912)

insert into [dbo].[HelpServicePeriod] (Name, TypeId, SortOrder, PeriodMonth) values (N'январь 2010',4,41,201001)
insert into [dbo].[HelpServicePeriod] (Name, TypeId, SortOrder, PeriodMonth) values (N'февраль 2010',4,42,201002)
insert into [dbo].[HelpServicePeriod] (Name, TypeId, SortOrder, PeriodMonth) values (N'март 2010',4,43,201003)
insert into [dbo].[HelpServicePeriod] (Name, TypeId, SortOrder, PeriodMonth) values (N'апрель 2010',4,44,201004)
insert into [dbo].[HelpServicePeriod] (Name, TypeId, SortOrder, PeriodMonth) values (N'май 2010',4,45,201005)
insert into [dbo].[HelpServicePeriod] (Name, TypeId, SortOrder, PeriodMonth) values (N'июнь 2010',4,46,201006)
insert into [dbo].[HelpServicePeriod] (Name, TypeId, SortOrder, PeriodMonth) values (N'июль 2010',4,47,201007)
insert into [dbo].[HelpServicePeriod] (Name, TypeId, SortOrder, PeriodMonth) values (N'август 2010',4,48,201008)
insert into [dbo].[HelpServicePeriod] (Name, TypeId, SortOrder, PeriodMonth) values (N'сентябрь 2010',4,49,201009)
insert into [dbo].[HelpServicePeriod] (Name, TypeId, SortOrder, PeriodMonth) values (N'октябрь 2010',4,50,201010)
insert into [dbo].[HelpServicePeriod] (Name, TypeId, SortOrder, PeriodMonth) values (N'ноябрь 2010',4,51,201011)
insert into [dbo].[HelpServicePeriod] (Name, TypeId, SortOrder, PeriodMonth) values (N'декабрь 2010',4,52,201012)

insert into [dbo].[HelpServicePeriod] (Name, TypeId, SortOrder, PeriodMonth) values (N'январь 2011',4,61,201101)
insert into [dbo].[HelpServicePeriod] (Name, TypeId, SortOrder, PeriodMonth) values (N'февраль 2011',4,62,201102)
insert into [dbo].[HelpServicePeriod] (Name, TypeId, SortOrder, PeriodMonth) values (N'март 2011',4,63,201103)
insert into [dbo].[HelpServicePeriod] (Name, TypeId, SortOrder, PeriodMonth) values (N'апрель 2011',4,64,201104)
insert into [dbo].[HelpServicePeriod] (Name, TypeId, SortOrder, PeriodMonth) values (N'май 2011',4,65,201105)
insert into [dbo].[HelpServicePeriod] (Name, TypeId, SortOrder, PeriodMonth) values (N'июнь 2011',4,66,201106)
insert into [dbo].[HelpServicePeriod] (Name, TypeId, SortOrder, PeriodMonth) values (N'июль 2011',4,67,201107)
insert into [dbo].[HelpServicePeriod] (Name, TypeId, SortOrder, PeriodMonth) values (N'август 2011',4,68,201108)
insert into [dbo].[HelpServicePeriod] (Name, TypeId, SortOrder, PeriodMonth) values (N'сентябрь 2011',4,69,201109)
insert into [dbo].[HelpServicePeriod] (Name, TypeId, SortOrder, PeriodMonth) values (N'октябрь 2011',4,70,201110)
insert into [dbo].[HelpServicePeriod] (Name, TypeId, SortOrder, PeriodMonth) values (N'ноябрь 2011',4,71,201111)
insert into [dbo].[HelpServicePeriod] (Name, TypeId, SortOrder, PeriodMonth) values (N'декабрь 2011',4,72,201112)

insert into [dbo].[HelpServicePeriod] (Name, TypeId, SortOrder, PeriodMonth) values (N'январь 2012',4,81,201201)
insert into [dbo].[HelpServicePeriod] (Name, TypeId, SortOrder, PeriodMonth) values (N'февраль 2012',4,82,201202)
insert into [dbo].[HelpServicePeriod] (Name, TypeId, SortOrder, PeriodMonth) values (N'март 2012',4,83,201203)
insert into [dbo].[HelpServicePeriod] (Name, TypeId, SortOrder, PeriodMonth) values (N'апрель 2012',4,84,201204)
insert into [dbo].[HelpServicePeriod] (Name, TypeId, SortOrder, PeriodMonth) values (N'май 2012',4,85,201205)
insert into [dbo].[HelpServicePeriod] (Name, TypeId, SortOrder, PeriodMonth) values (N'июнь 2012',4,86,201206)
insert into [dbo].[HelpServicePeriod] (Name, TypeId, SortOrder, PeriodMonth) values (N'июль 2012',4,87,201207)
insert into [dbo].[HelpServicePeriod] (Name, TypeId, SortOrder, PeriodMonth) values (N'август 2012',4,88,201208)
insert into [dbo].[HelpServicePeriod] (Name, TypeId, SortOrder, PeriodMonth) values (N'сентябрь 2012',4,89,201209)
insert into [dbo].[HelpServicePeriod] (Name, TypeId, SortOrder, PeriodMonth) values (N'октябрь 2012',4,90,201210)
insert into [dbo].[HelpServicePeriod] (Name, TypeId, SortOrder, PeriodMonth) values (N'ноябрь 2012',4,91,201211)
insert into [dbo].[HelpServicePeriod] (Name, TypeId, SortOrder, PeriodMonth) values (N'декабрь 2012',4,92,201212)

insert into [dbo].[HelpServicePeriod] (Name, TypeId, SortOrder, PeriodMonth) values (N'январь 2013',4,101,201301)
insert into [dbo].[HelpServicePeriod] (Name, TypeId, SortOrder, PeriodMonth) values (N'февраль 2013',4,102,201302)
insert into [dbo].[HelpServicePeriod] (Name, TypeId, SortOrder, PeriodMonth) values (N'март 2013',4,103,201303)
insert into [dbo].[HelpServicePeriod] (Name, TypeId, SortOrder, PeriodMonth) values (N'апрель 2013',4,104,201304)
insert into [dbo].[HelpServicePeriod] (Name, TypeId, SortOrder, PeriodMonth) values (N'май 2013',4,105,201305)
insert into [dbo].[HelpServicePeriod] (Name, TypeId, SortOrder, PeriodMonth) values (N'июнь 2013',4,106,201306)
insert into [dbo].[HelpServicePeriod] (Name, TypeId, SortOrder, PeriodMonth) values (N'июль 2013',4,107,201307)
insert into [dbo].[HelpServicePeriod] (Name, TypeId, SortOrder, PeriodMonth) values (N'август 2013',4,108,201308)
insert into [dbo].[HelpServicePeriod] (Name, TypeId, SortOrder, PeriodMonth) values (N'сентябрь 2013',4,109,201309)
insert into [dbo].[HelpServicePeriod] (Name, TypeId, SortOrder, PeriodMonth) values (N'октябрь 2013',4,110,201310)
insert into [dbo].[HelpServicePeriod] (Name, TypeId, SortOrder, PeriodMonth) values (N'ноябрь 2013',4,111,201311)
insert into [dbo].[HelpServicePeriod] (Name, TypeId, SortOrder, PeriodMonth) values (N'декабрь 2013',4,112,201312)

insert into [dbo].[HelpServicePeriod] (Name, TypeId, SortOrder, PeriodMonth) values (N'январь 2014',4,121,201401)
insert into [dbo].[HelpServicePeriod] (Name, TypeId, SortOrder, PeriodMonth) values (N'февраль 2014',4,122,201402)
insert into [dbo].[HelpServicePeriod] (Name, TypeId, SortOrder, PeriodMonth) values (N'март 2014',4,123,201403)
insert into [dbo].[HelpServicePeriod] (Name, TypeId, SortOrder, PeriodMonth) values (N'апрель 2014',4,124,201404)
insert into [dbo].[HelpServicePeriod] (Name, TypeId, SortOrder, PeriodMonth) values (N'май 2014',4,125,201405)
insert into [dbo].[HelpServicePeriod] (Name, TypeId, SortOrder, PeriodMonth) values (N'июнь 2014',4,126,201406)
insert into [dbo].[HelpServicePeriod] (Name, TypeId, SortOrder, PeriodMonth) values (N'июль 2014',4,127,201407)
insert into [dbo].[HelpServicePeriod] (Name, TypeId, SortOrder, PeriodMonth) values (N'август 2014',4,128,201408)
insert into [dbo].[HelpServicePeriod] (Name, TypeId, SortOrder, PeriodMonth) values (N'сентябрь 2014',4,129,201409)
insert into [dbo].[HelpServicePeriod] (Name, TypeId, SortOrder, PeriodMonth) values (N'октябрь 2014',4,130,201410)
insert into [dbo].[HelpServicePeriod] (Name, TypeId, SortOrder, PeriodMonth) values (N'ноябрь 2014',4,131,201411)
insert into [dbo].[HelpServicePeriod] (Name, TypeId, SortOrder, PeriodMonth) values (N'декабрь 2014',4,132,201412)

insert into [dbo].[HelpServicePeriod] (Name, TypeId, SortOrder, PeriodMonth) values (N'январь 2015',4,141,201501)
insert into [dbo].[HelpServicePeriod] (Name, TypeId, SortOrder, PeriodMonth) values (N'февраль 2015',4,142,201502)
insert into [dbo].[HelpServicePeriod] (Name, TypeId, SortOrder, PeriodMonth) values (N'март 2015',4,143,201503)
insert into [dbo].[HelpServicePeriod] (Name, TypeId, SortOrder, PeriodMonth) values (N'апрель 2015',4,144,201504)
insert into [dbo].[HelpServicePeriod] (Name, TypeId, SortOrder, PeriodMonth) values (N'май 2015',4,145,201505)
insert into [dbo].[HelpServicePeriod] (Name, TypeId, SortOrder, PeriodMonth) values (N'июнь 2015',4,146,201506)
insert into [dbo].[HelpServicePeriod] (Name, TypeId, SortOrder, PeriodMonth) values (N'июль 2015',4,147,201507)
insert into [dbo].[HelpServicePeriod] (Name, TypeId, SortOrder, PeriodMonth) values (N'август 2015',4,148,201508)
insert into [dbo].[HelpServicePeriod] (Name, TypeId, SortOrder, PeriodMonth) values (N'сентябрь 2015',4,149,201509)
insert into [dbo].[HelpServicePeriod] (Name, TypeId, SortOrder, PeriodMonth) values (N'октябрь 2015',4,150,201510)
insert into [dbo].[HelpServicePeriod] (Name, TypeId, SortOrder, PeriodMonth) values (N'ноябрь 2015',4,151,201511)
insert into [dbo].[HelpServicePeriod] (Name, TypeId, SortOrder, PeriodMonth) values (N'декабрь 2015',4,152,201512)

insert into [dbo].[HelpServicePeriod] (Name, TypeId, SortOrder, PeriodMonth) values (N'январь 2016',4,161,201601)
insert into [dbo].[HelpServicePeriod] (Name, TypeId, SortOrder, PeriodMonth) values (N'февраль 2016',4,162,201602)
insert into [dbo].[HelpServicePeriod] (Name, TypeId, SortOrder, PeriodMonth) values (N'март 2016',4,163,201603)
insert into [dbo].[HelpServicePeriod] (Name, TypeId, SortOrder, PeriodMonth) values (N'апрель 2016',4,164,201604)
insert into [dbo].[HelpServicePeriod] (Name, TypeId, SortOrder, PeriodMonth) values (N'май 2016',4,165,201605)
insert into [dbo].[HelpServicePeriod] (Name, TypeId, SortOrder, PeriodMonth) values (N'июнь 2016',4,166,201606)
insert into [dbo].[HelpServicePeriod] (Name, TypeId, SortOrder, PeriodMonth) values (N'июль 2016',4,167,201607)
insert into [dbo].[HelpServicePeriod] (Name, TypeId, SortOrder, PeriodMonth) values (N'август 2016',4,168,201608)
insert into [dbo].[HelpServicePeriod] (Name, TypeId, SortOrder, PeriodMonth) values (N'сентябрь 2016',4,169,201609)
insert into [dbo].[HelpServicePeriod] (Name, TypeId, SortOrder, PeriodMonth) values (N'октябрь 2016',4,170,201610)
insert into [dbo].[HelpServicePeriod] (Name, TypeId, SortOrder, PeriodMonth) values (N'ноябрь 2016',4,171,201611)
insert into [dbo].[HelpServicePeriod] (Name, TypeId, SortOrder, PeriodMonth) values (N'декабрь 2016',4,172,201612)

insert into [dbo].[HelpServicePeriod] (Name, TypeId, SortOrder, PeriodMonth) values (N'январь 2017',4,181,201701)
insert into [dbo].[HelpServicePeriod] (Name, TypeId, SortOrder, PeriodMonth) values (N'февраль 2017',4,182,201702)
insert into [dbo].[HelpServicePeriod] (Name, TypeId, SortOrder, PeriodMonth) values (N'март 2017',4,183,201703)
insert into [dbo].[HelpServicePeriod] (Name, TypeId, SortOrder, PeriodMonth) values (N'апрель 2017',4,184,201704)
insert into [dbo].[HelpServicePeriod] (Name, TypeId, SortOrder, PeriodMonth) values (N'май 2017',4,185,201705)
insert into [dbo].[HelpServicePeriod] (Name, TypeId, SortOrder, PeriodMonth) values (N'июнь 2017',4,186,201706)
insert into [dbo].[HelpServicePeriod] (Name, TypeId, SortOrder, PeriodMonth) values (N'июль 2017',4,187,201707)
insert into [dbo].[HelpServicePeriod] (Name, TypeId, SortOrder, PeriodMonth) values (N'август 2017',4,188,201708)
insert into [dbo].[HelpServicePeriod] (Name, TypeId, SortOrder, PeriodMonth) values (N'сентябрь 2017',4,189,201709)
insert into [dbo].[HelpServicePeriod] (Name, TypeId, SortOrder, PeriodMonth) values (N'октябрь 2017',4,190,201710)
insert into [dbo].[HelpServicePeriod] (Name, TypeId, SortOrder, PeriodMonth) values (N'ноябрь 2017',4,191,201711)
insert into [dbo].[HelpServicePeriod] (Name, TypeId, SortOrder, PeriodMonth) values (N'декабрь 2017',4,192,201712)

-- Cправка о заработке для расчета пособия (182Н)
insert into [dbo].[HelpServicePeriod] (Name, TypeId, SortOrder, PeriodMonth) values (N'2008 и 2009',5,1,200801)
insert into [dbo].[HelpServicePeriod] (Name, TypeId, SortOrder, PeriodMonth) values (N'2009 и 2010',5,2,200901)
insert into [dbo].[HelpServicePeriod] (Name, TypeId, SortOrder, PeriodMonth) values (N'2010 и 2011',5,3,201001)
insert into [dbo].[HelpServicePeriod] (Name, TypeId, SortOrder, PeriodMonth) values (N'2011 и 2012',5,4,201101)
insert into [dbo].[HelpServicePeriod] (Name, TypeId, SortOrder, PeriodMonth) values (N'2012 и 2013',5,5,201201)
insert into [dbo].[HelpServicePeriod] (Name, TypeId, SortOrder, PeriodMonth) values (N'2013 и 2014',5,6,201301)
insert into [dbo].[HelpServicePeriod] (Name, TypeId, SortOrder, PeriodMonth) values (N'2014 и 2015',5,7,201401)
insert into [dbo].[HelpServicePeriod] (Name, TypeId, SortOrder, PeriodMonth) values (N'2015 и 2016',5,8,201501)
insert into [dbo].[HelpServicePeriod] (Name, TypeId, SortOrder, PeriodMonth) values (N'2016 и 2017',5,9,201601)
insert into [dbo].[HelpServicePeriod] (Name, TypeId, SortOrder, PeriodMonth) values (N'2017 и 2018',5,10,201701)


insert into [dbo].[HelpServicePeriod] (Name, TypeId, SortOrder, PeriodMonth) values (N'за весь период',5,100,0)

-- set identity_insert  [dbo].[HelpServicePeriod] OFF	
commit
-- rollback